,Restaurant Name,Zip Code,Inspection Date,Score,Address,Facility ID,Google Rating,Yelp Rating
13560,Jason's Deli,78748,2024-10-28,96,"9600 S IH
AUSTIN, TX 78748",10017881,4.4,3.7
15139,MN - Dollar General #6946,78653,2024-10-08,93,"12750 LAPOYNOR ST
MANOR, TX 78653
(30.33562, -97.55975)",2804037,3.9,1.5
8695,Headliners,78701,2024-01-23,86,"221 W 6TH ST
AUSTIN, TX 78701
(30.26857, -97.74467)",2800399,4.7,4.7
787,Kung Fu Tea,78757,2024-10-10,78,"9070 RESEARCH BLVD
AUSTIN, TX 78757
(30.37273, -97.72764)",12398512,4.4,4.3
6023,LW - Santa Catarina,78734,2024-01-24,81,"1310 S FM 620 RD
LAKEWAY, TX 78734
(30.34988, -97.96488)",11175645,4.5,4.4
2485,Civil Goat Coffee,78722,2024-10-17,81,"2610 MANOR RD
AUSTIN, TX 78722
(30.28506, -97.71441)",12397984,4.3,4.3
22232,Escarpment Exxon,78749,2024-12-02,95,"6109 W WILLIAM CANNON DR
AUSTIN, TX 78749
(30.22932, -97.8645)",2803688,3.1,2.1
11868,Starbucks Coffee #6284,78705,2024-08-12,94,"504 W 24TH ST
AUSTIN, TX 78705
(30.28779, -97.74261)",2801411,4.1,3.8
19169,Houndstooth Coffee,78702,2024-11-22,91,"2823 E MARTIN LUTHER KING JR BLVD
AUSTIN, TX 78702
(30.28115, -97.71032)",11833996,4.3,3.6
6845,Nova Kitchen LLC,78701,2024-05-09,83,"440 W 2ND ST
AUSTIN, TX 78701
(30.26547, -97.74838)",12393636,4.4,4.3
19424,"Zone, The",78748,2024-04-19,98,"10616 MANCHACA RD
AUSTIN, TX 78748
(30.16504, -97.82993)",12397965,4.8,5
9170,Burger King #11575,78748,2024-02-08,97,"1905 W SLAUGHTER LN
AUSTIN, TX 78748
(30.17325, -97.82258)",12186461,3.3,1.7
6510,Flat Track Coffee,78702,2024-07-05,92,"1619 E CESAR CHAVEZ ST
AUSTIN, TX 78702
(30.25777, -97.72705)",11594617,4.7,4.5
964,Foodheads,78705,2024-08-26,96,"616 W 34TH ST
AUSTIN, TX 78705
(30.30069, -97.74043)",2801812,4.7,4.3
18097,SV - Cruzteca Mexican Kitchen,78745,2024-03-26,84,"5207 BRODIE LN
SUNSET VALLEY, TX 78745
(30.23002, -97.81698)",11836354,4.5,4.3
14785,McDonalds  (Wal-Mart),78753,2024-01-05,93,"13000 N IH
AUSTIN, TX 78753",2802240,3.5,2.2
15177,Master Donut,78741,2024-06-04,92,"6100 E RIVERSIDE DR
AUSTIN, TX 78741
(30.22646, -97.70584)",12397690,4.5,4.5
2952,New One Taco,78753,2024-02-06,86,"500 W CANYON RIDGE DR
AUSTIN, TX 78753
(30.406841, -97.672884)",12393569,4.4,4.2
8976,"Brewtorium Brewery & Kitchen, The",78752,2024-05-15,82,"6015 DILLARD CIR
AUSTIN, TX 78752
(30.32566, -97.71686)",11835018,4.6,4.2
21689,Hopdoddy Burger Bar,78702,2024-01-12,87,"1011 E 5TH ST
AUSTIN, TX 78702
(30.26388, -97.73198)",12393434,4.4,4
910,Uncle Tetsu #31015,78752,2024-02-21,99,"6929 AIRPORT BLVD
AUSTIN, TX 78752
(30.33751, -97.71765)",12399087,4.6,4.4
9045,Hi Wings,78757,2024-03-28,94,"2525 W ANDERSON LN
AUSTIN, TX 78757
(30.35566, -97.73392)",11834180,4.6,4.6
18305,Grove Market,78731,2024-05-17,88,"2601 PERSEVERANCE DR
AUSTIN, TX 78731
(30.31809, -97.75208)",12397279,4.4,4
20961,Dominos Pizza,78753,2024-04-19,98,"9616 N LAMAR BLVD
AUSTIN, TX 78753
(30.36731, -97.69624)",10061666,3.5,2.3
20122,Kentucky Fried Chicken,78723,2024-11-14,89,"7206 ED BLUESTEIN BLVD
AUSTIN, TX 78723
(30.31423, -97.66355)",11789720,2.9,1.9
12787,Hilltop Bar & Grill,78669,2024-09-10,88,"22308 W SH
SPICEWOOD, TX 78669",2801301,4.6,3.8
12777,WL - P. Terry's Burger Stand,78746,2024-03-29,100,"701 S CAPITAL OF TEXAS HWY NB UNIT H WEST LAKE HILLS
TX 78746
(30.29182, -97.82749)",10771894,4.2,3.2
20430,"Grey Market, The",78701,2024-04-09,89,"501 BRAZOS ST
AUSTIN, TX 78701
(30.26705, -97.74172)",12395901,4.3,4.1
19171,Stop n Save #3,78741,2024-01-31,86,"1800 BURTON DR
AUSTIN, TX 78741
(30.23589, -97.72886)",10557355,4.2,2
20088,SV - Schlotzsky's,78745,2024-05-14,95,"5601 BRODIE LN
SUNSET VALLEY, TX 78745
(30.2288, -97.82013)",11823630,4.3,3.2
9070,PF - Walgreens # 13446,78660,2024-03-21,100,"1509 E WELLS BRANCH PKWY
PFLUGERVILLE, TX 78660
(30.42477, -97.62763)",12392477,3.6,2.7
2051,Flea Market #A,78754,2024-02-03,97,"9500 E US 290 HWY
SVRD WB AUSTIN, TX 78754
(30.33157, -97.63073)",2800518,3.9,2.3
20831,Basil Thai,78758,2024-09-25,86,"2501 W PARMER LN
AUSTIN, TX 78758
(30.41829, -97.70233)",11761706,4.2,4
21646,Third Coast Coffee,78748,2024-03-04,97,"10515 OLD MANCHACA RD
AUSTIN, TX 78748
(30.16606, -97.82996)",12394089,4.9,4.9
11470,Austin Oaks Hospital,78745,2024-09-03,95,"1407 W STASSNEY LN
AUSTIN, TX 78745
(30.21163, -97.79175)",10929524,3.1,1.8
22381,"Terry Black's Barbecue, LLC",78704,2024-08-07,87,"1003 BARTON SPRINGS RD
AUSTIN, TX 78704
(30.2598, -97.75506)",11156887,4.7,4.5
1406,LW - Smoothie King,78734,2024-01-18,85,"1800 S FM 620 RD
LAKEWAY, TX 78734
(30.34492, -97.96574)",11585663,4.7,3.4
4429,Panera Bread #6316,78759,2024-02-26,98,"9901 N CAPITAL OF TEXAS HWY
NB AUSTIN, TX 78759
(30.38972, -97.74056)",12397776,3.9,2.9
5180,La Plancha,78702,2024-01-04,95,"1701 E MARTIN LUTHER KING JR BLVD
AUSTIN, TX 78702
(30.27944, -97.723)",12396214,4.7,4.6
19069,Wingstop #188,78753,2024-08-06,91,"9616 N LAMAR BLVD
AUSTIN, TX 78753
(30.36731, -97.69624)",2802892,3.6,3
16870,Franklin Barbecue,78702,2024-05-31,92,"900 E 11TH ST
AUSTIN, TX 78702
(30.26995, -97.73135)",10523909,4.7,4.5
20472,Cosmic Saltillo,78702,2024-09-18,81,"1300 E 4TH ST
AUSTIN, TX 78702
(30.2622, -97.73024)",12398877,4.5,4.5
8289,LW - Whataburger #796,78734,2024-05-14,97,"2011 S FM 620 RD
LAKEWAY, TX 78734
(30.34324, -97.96622)",2801952,3.9,2.4
11165,SV - Bougie's Donuts & Coffee,78745,2024-03-01,93,"5400 BRODIE LN
SUNSET VALLEY, TX 78745
(30.23028, -97.82021)",11673293,4.3,4.2
15078,"Salty Donut, The",78704,2024-06-18,99,"2000 S CONGRESS AVE
AUSTIN, TX 78704
(30.24416, -97.75194)",12395220,4.7,4.4
10883,Joe's Italian Kitchen,78660,2024-05-28,90,"1615 GRAND AVENUE PKWY
AUSTIN, TX 78660
(30.45569, -97.65911)",11915188,4.3,3.8
8643,Thompson L2 Events Kitchens,78701,2024-11-12,87,"501 BRAZOS ST
AUSTIN, TX 78701
(30.26705, -97.74172)",12395990,4.4,3
16787,BC - LT Country Market,78738,2024-03-14,89,"3325 S FM 620 RD
BEE CAVE, TX 78738
(30.32778, -97.96356)",10675703,4.3,3.7
16622,Phil's Philly Grill,78613,2024-11-07,81,"11200 LAKELINE MALL DR
AUSTIN, TX 78613
(30.47093, -97.80711)",10956732,4,3.4
14215,El Tacorrido,78753,2024-07-12,96,"9320 N LAMAR BLVD
AUSTIN, TX 78753
(30.36227, -97.69748)",11198007,4.2,4
13661,Juliet,78704,2024-08-01,79,"1500 BARTON SPRINGS RD
AUSTIN, TX 78704
(30.2616, -97.7602)",11369351,4.3,3.8
13976,Countryside Donuts,78653,2024-02-16,95,"3400 E HOWARD LN
UNIT B AUSTIN, TX 78653
(30.38854, -97.61958)",12394028,4.8,4.4
15457,Jet's Pizza,78748,2024-05-30,91,"8900 S CONGRESS AVE
AUSTIN, TX 78748
(30.16847, -97.78767)",12394251,4.4,3.9
19482,Lamar Grocery,78704,2024-03-21,95,"2238 S LAMAR BLVD
AUSTIN, TX 78704
(30.2476, -97.77374)",11659407,5,5
12878,Courtesy Shell #4,78741,2024-04-29,80,"2241 S IH
SVRD NB AUSTIN, TX 78741",11130514,1.9,1
17328,Afghan Halal Market LLC,78753,2024-10-17,81,"9200 N LAMAR BLVD
AUSTIN, TX 78753
(30.36154, -97.69854)",12397324,4,4.5
3740,Dean's One Trick Pony,78701,2024-11-05,94,"111 E CESAR CHAVEZ ST
AUSTIN, TX 78701
(30.26296, -97.74394)",12087865,4.1,4.2
23008,Cain & Abel's,78705,2024-04-17,82,"907 W 24TH ST
AUSTIN, TX 78705
(30.28814, -97.7473)",12398634,4.1,4.3
3236,Kolache Factory,78705,2024-05-28,84,"3706 N LAMAR BLVD
AUSTIN, TX 78705
(30.30491, -97.74352)",12186508,4.1,3.3
12816,PF - Sonic Drive-In #2767,78660,2024-08-29,91,"2014 W PECAN ST
PFLUGERVILLE, TX 78660
(30.44633, -97.64698)",12392738,3.5,1.5
599,Millennium,78702,2024-02-22,86,"1156 HARGRAVE ST
AUSTIN, TX 78702
(30.27263, -97.70974)",2801048,4.3,3.6
11908,Forthright,78701,2024-07-31,78,"98 SAN JACINTO BLVD
AUSTIN, TX 78701
(30.26218, -97.74238)",11501149,4.1,3.9
4937,La Hacienda Mkt Taqueria,78753,2024-02-02,94,"9717 N LAMAR BLVD
AUSTIN, TX 78753
(30.36529, -97.69496)",2801320,4,4
353,Thundercloud Subs,78727,2024-02-23,94,"2500 W PARMER LN
AUSTIN, TX 78727
(30.42209, -97.70251)",2800765,4.5,3.6
19372,7-Eleven Convenience Store #38609H,78728,2024-01-08,96,"1600 W WELLS BRANCH PKWY
AUSTIN, TX 78728
(30.44045, -97.67004)",12107176,3.8,1
3355,Perry's Steakhouse & Grill,78701,2024-07-03,84,"114 W 7TH ST
AUSTIN, TX 78701
(30.26926, -97.74343)",10131172,4.6,4.1
10980,7-Eleven Convenience Store #24008,78751,2024-05-24,93,"5101 N LAMAR BLVD
AUSTIN, TX 78751
(30.31879, -97.7305)",10155839,3.5,2.6
19282,Mr. Gattis Pizza #106,78748,2024-04-12,99,"12110 MANCHACA RD
AUSTIN, TX 78748
(30.14245, -97.83395)",12393641,3.4,2.2
6843,Olamaie,78701,2024-08-15,88,"1610 SAN ANTONIO ST
AUSTIN, TX 78701
(30.27984, -97.74346)",11175572,4.5,3.9
7281,11 Degrees Daiquiri,78660,2024-01-18,97,"2700 W PECAN ST
AUSTIN, TX 78660
(30.4504, -97.65696)",11958735,4.8,4.8
7772,Macho's Taco's,78748,2024-08-28,99,"12110 MANCHACA RD
AUSTIN, TX 78748
(30.14245, -97.83395)",10564130,4.8,4.8
20835,ABIA-Heart of Austin (Main Kitchen),78719,2024-05-15,90,"3600 PRESIDENTIAL BLVD
AUSTIN, TX 78719
(30.20476, -97.66733)",12143458,4.8,2.4
14031,Sushi Japon Steak House,78752,2024-05-10,71,"807 CAMINO LA
AUSTIN, TX 78752
(30.329, -97.70475)",11008369,4.2,4.5
70,Cantina 512,78701,2024-01-19,91,"70 RAINEY ST
AUSTIN, TX 78701
(30.25865, -97.73951)",12396372,4.3,3.6
23036,Equipment Room,78704,2024-02-28,96,"1101 MUSIC LN
AUSTIN, TX 78704
(30.2527, -97.74788)",12398179,4.5,4.4
13112,QuikTrip #4142,78753,2024-07-22,94,"221 E PARMER LN
AUSTIN, TX 78753
(30.40468, -97.66476)",12393849,3.5,3.8
2305,House of Three Gorges,78758,2024-10-02,72,"8557 RESEARCH BLVD
AUSTIN, TX 78758
(30.36081, -97.71573)",12392534,4.6,4.4
13212,"Zone, The",78748,2024-10-08,95,"10616 MANCHACA RD
AUSTIN, TX 78748
(30.16504, -97.82993)",12397965,2.6,5
18553,2 N 1 Salad Bar And Grill,78758,2024-09-25,98,"901 W BRAKER LN
AUSTIN, TX 78758
(30.38267, -97.68889)",12394814,4.5,4.6
20063,Soho House Austin First Floor Bar,78704,2024-01-16,100,"1011 S CONGRESS AVE
AUSTIN, TX 78704
(30.25361, -97.7482)",12395085,4.3,3.6
10365,Papa John's 4151,78750,2024-11-04,95,"6507 JESTER BLVD
AUSTIN, TX 78750
(30.37034, -97.80022)",12396298,2.8,2.3
16455,Mercer St. Taproom,78737,2024-10-14,100,"12005 W US 290 HWY
AUSTIN, TX 78737
(30.21099, -97.96804)",12395080,4.9,4.2
22969,"Otis Hotel, The",78705,2024-01-12,90,"1901 SAN ANTONIO ST
AUSTIN, TX 78705
(30.28225, -97.74317)",12186480,4.2,3.9
22921,BC - Subway,78738,2024-08-07,85,"12717 SHOPS PKWY
BEE CAVE, TX 78738
(30.304, -97.94143)",10262005,3.9,2.9
20860,McDonald's #22727,78758,2024-04-03,100,"12443 METRIC BLVD
AUSTIN, TX 78758
(30.41243, -97.69053)",12398159,3.4,1.8
22799,LW - Don Mario Mexican Restaurant,78734,2024-06-20,87,"1113 N FM 620 RD
LAKEWAY, TX 78734
(30.37505, -97.94615)",12397459,4.4,4
5441,Saffron,78731,2024-01-09,85,"3616 FAR WEST BLVD
AUSTIN, TX 78731
(30.35486, -97.7556)",11302586,4.5,4.3
12305,La Cabana Grill,78738,2024-11-06,89,"21103 W SH
AUSTIN, TX 78738",10222706,4.4,4.1
13332,Frozen Rolls Creamery,78703,2024-02-08,98,"704 N LAMAR BLVD
AUSTIN, TX 78703
(30.27325, -97.75343)",12398482,4.3,3.7
14889,Tsuke Edomae,78723,2024-02-20,99,"4600 MUELLER BLVD
AUSTIN, TX 78723
(30.29909, -97.70714)",12394344,4.8,4.9
3346,7-Eleven #36562H,78744,2024-01-31,96,"6422 S US 183 HWY
AUSTIN, TX 78744
(30.16491, -97.6932)",10874472,2.6,2.3
2478,PF - Jersey Mikes,78660,2024-05-07,94,"1608 TOWN CENTER DR
PFLUGERVILLE, TX 78660
(30.46389, -97.59805)",12392787,3.9,2.7
20991,Lucky Lime,78744,2024-01-24,98,"3400 COMSOUTH DR
AUSTIN, TX 78744
(30.212, -97.71976)",12396184,4,4
4225,LW - Metro Food Mart,78734,2024-11-21,84,"903 S FM 620 RD
LAKEWAY, TX 78734
(30.35473, -97.96057)",2802530,3.3,2
15415,Rainey Street LLC dba Lustre Pearl,78701,2024-10-23,90,"94 RAINEY ST
AUSTIN, TX 78701
(30.26063, -97.73809)",11473303,4.2,3.2
13381,Market Express,78653,2024-05-23,86,"13600 FM 973 SUITE 100 MANOR
TX 78653
(30.36018, -97.53316)",11632199,3.9,4.5
11698,McDonald's 31248,78704,2024-04-03,93,"710 E BEN WHITE BLVD
AUSTIN, TX 78704
(30.21915, -97.75527)",12398078,3.3,2.2
20150,Circle K #2742194,78744,2024-06-21,93,"1706 E WILLIAM CANNON DR
AUSTIN, TX 78744
(30.1894, -97.76698)",2803593,3.3,1
21991,Juiceland Food,78751,2024-09-20,97,"4500 DUVAL ST
AUSTIN, TX 78751
(30.30718, -97.7247)",10738743,4.6,4.2
5329,New Hope Ranch,78653,2024-07-15,81,"11908 SPARKS RD
MANOR, TX 78653
(30.3938, -97.51147)",11866528,4.2,1.6
5973,Pasta & Co,78731,2024-06-25,97,"3502 KERBEY LN
AUSTIN, TX 78731
(30.30757, -97.75051)",2801743,4.7,4.3
22355,Man Pasand Supermarket # 4,78753,2024-07-30,77,"12625 N IH
AUSTIN, TX 78753",12145809,4,2.4
2479,7-Eleven Convenience Store #36642B,78744,2024-02-05,84,"7715 E BEN WHITE BLVD
AUSTIN, TX 78744
(30.21806, -97.68904)",12111322,2.3,1.7
14325,LW - Thai Spice,78734,2024-11-04,87,"2009 MAIN ST
LAKEWAY, TX 78734
(30.34631, -97.96617)",12186618,4.2,3.3
18858,CVS Pharmacy #6822,78756,2024-01-18,96,"5256 BURNET RD
AUSTIN, TX 78756
(30.32529, -97.7403)",2804010,2.7,2.3
15692,Jester Market,78750,2024-11-04,82,"6507 JESTER BLVD
AUSTIN, TX 78750
(30.37034, -97.80022)",2801484,4.4,3.9
14886,Church's Chicken Store No. 386,78745,2024-05-23,84,"1945 W WILLIAM CANNON DR
AUSTIN, TX 78745
(30.2024, -97.8062)",11843471,3.4,1.8
15134,Verdes Grill,78738,2024-01-11,86,"16018 HAMILTON POOL RD
AUSTIN, TX 78738
(30.2978, -98.00716)",12123841,4.2,3.9
18843,Chick-Fil-A,78748,2024-04-11,96,"161 W SLAUGHTER LN
AUSTIN, TX 78748
(30.16687, -97.79218)",10000498,4.5,3.7
12681,Kids R Kids #33,78717,2024-11-04,100,"15111 AVERY RANCH BLVD
AUSTIN, TX 78717
(30.49893, -97.77251)",12186118,4.8,4.4
2382,Hana World Market - Meat and Fish,78727,2024-02-06,89,"1700 W PARMER LN
AUSTIN, TX 78727
(30.41327, -97.68966)",10866935,4.1,3.5
4524,Table de Delice Food Services LLC,78751,2024-01-03,79,"5610 N IH
AUSTIN, TX 78751",12398163,4.4,2.1
9311,Bird Bird Biscuit,78722,2024-11-05,97,"2701 MANOR RD
AUSTIN, TX 78722
(30.28512, -97.71401)",11943085,4.7,4.7
20954,Hotel Ella,78705,2024-12-02,89,"1900 RIO GRANDE ST
AUSTIN, TX 78705
(30.28307, -97.74513)",11533517,4.6,3.8
17572,Subway #45205,78717,2024-08-22,99,"9900 W PARMER LN
AUSTIN, TX 78717
(30.48639, -97.76945)",10340373,3.5,2.2
3676,"Wal-Mart Supercenter #4554 (Bakery, Deli)",78757,2024-10-21,92,"2525 W ANDERSON LN
AUSTIN, TX 78757
(30.35566, -97.73392)",10469793,3.8,2.3
5859,Summer Moon Coffee,78749,2024-05-29,90,"5701 W SLAUGHTER LN
AUSTIN, TX 78749
(30.20069, -97.87051)",12186402,4.4,3.3
11765,Thundercloud Subs,78703,2024-03-05,85,"2308 LAKE AUSTIN BLVD
AUSTIN, TX 78703
(30.27788, -97.77224)",2800255,4.3,3.6
9275,Sam's Club #6188 - Meat Market,78717,2024-09-10,100,"10901 LAKELINE MALL DR
AUSTIN, TX 78717
(30.47334, -97.79528)",11293639,4.4,2.8
13496,Lone Star Family Market #4,78745,2024-05-02,98,"512 W STASSNEY LN
AUSTIN, TX 78745
(30.20916, -97.78063)",12392402,4.2,4
15434,Chi'Lantro,78758,2024-11-13,89,"11005 BURNET RD
AUSTIN, TX 78758
(30.39448, -97.72039)",11483621,4.4,4.1
9927,Summer Moon Coffee,78757,2024-02-22,89,"2301 W ANDERSON LN
AUSTIN, TX 78757
(30.35531, -97.73014)",11934290,4.5,4.3
7470,Little Deli & Pizzeria,78723,2024-05-21,100,"1804 BRIARCLIFF BLVD
AUSTIN, TX 78723
(30.31418, -97.68968)",12185961,4.8,4.6
13273,Whataburger #1191,78754,2024-11-27,99,"1719 E PARMER LN
AUSTIN, TX 78754
(30.38605, -97.64812)",12395255,3.4,1.9
1276,Shipley Do-Nuts,78745,2024-05-23,96,"1945 W WILLIAM CANNON DR
AUSTIN, TX 78745
(30.2024, -97.8062)",12395775,3.7,3.8
8708,Caribbean House,78744,2024-01-24,98,"3400 COMSOUTH DR
AUSTIN, TX 78744
(30.212, -97.71976)",12398118,4.3,3.4
14034,Jim's Coffee Shop,78758,2024-08-15,87,"9091 RESEARCH BLVD
AUSTIN, TX 78758
(30.37452, -97.72795)",2800422,4.3,3.6
12502,L. East Poultry Co.,78702,2024-01-26,99,"2615 E 6TH ST
AUSTIN, TX 78702
(30.25829, -97.71286)",12393394,4.9,4
21902,Whip In,78704,2024-06-28,78,"1950 S IH
AUSTIN, TX 78704",11687146,4.2,3.8
14587,Sazan Ramen,78752,2024-01-04,82,"6929 AIRPORT BLVD
AUSTIN, TX 78752
(30.33751, -97.71765)",12392619,4.6,4.4
10683,Paradigm Treatment Texas,78739,2024-09-17,100,"11949 ESCARPMENT BLVD
AUSTIN, TX 78739
(30.17819, -97.90419)",12397772,4,3
9989,CVS/Pharmacy #6892,78705,2024-06-11,98,"2402 GUADALUPE ST
AUSTIN, TX 78705
(30.28787, -97.74158)",12395144,2.8,2.2
4161,P. Terry's Burger Stand #19,78753,2024-12-06,92,"12901 N IH
AUSTIN, TX 78753",12392814,4.3,2.8
13179,Buttercup Chevron,78660,2024-01-03,81,"14815 DESSAU RD
PFLUGERVILLE, TX 78660
(30.42049, -97.62849)",11348918,3.7,2.9
10950,Malone Specialty Coffee,78728,2024-01-05,91,"14735 BRATTON LN
AUSTIN, TX 78728
(30.4458, -97.68598)",12393280,4.4,4.3
15614,"Hideout Pub, The",78759,2024-02-26,94,"12164 N MOPAC EXPY
SB AUSTIN, TX 78759
(30.41237, -97.70985)",2803145,4.4,4.1
11892,See's Candy Shop,78759,2024-01-18,100,"10710 RESEARCH BLVD
SB AUSTIN, TX 78759
(30.39817, -97.74929)",11119596,4.7,4.7
16899,Onion Creek Ballroom,78747,2024-10-18,93,"9941 OLD LOCKHART RD
AUSTIN, TX 78747
(30.14463, -97.76557)",11776053,4.4,1
21385,LW - Winston's ATX LLC,78669,2024-11-08,92,"4900 BEE CREEK RD
LAKEWAY, TX 78669
(30.33794, -98.02777)",12399051,4.5,4.5
21691,7-Eleven,78723,2024-09-05,87,"5107 MANOR RD
AUSTIN, TX 78723
(30.29847, -97.68685)",12398458,4.7,4.5
6649,Thundercloud Subs,78758,2024-02-05,97,"2521 RUTLAND DR
AUSTIN, TX 78758
(30.38255, -97.72305)",2800169,4.3,3.3
13,Beer Geek,78652,2024-08-01,90,"2051 W FM 1626 RD
AUSTIN, TX 78652",12392375,4.5,4.3
8743,Wendy's W114/8076,78727,2024-12-02,98,"6247 MC NEIL DR
AUSTIN, TX 78727
(30.44201, -97.7467)",11119251,3.3,1.5
2482,Smoothie King,78748,2024-01-30,93,"9500 S IH
AUSTIN, TX 78748",12185777,3.9,1.9
6169,Happy Lemon,78727,2024-07-24,85,"2501 W PARMER LN
AUSTIN, TX 78727
(30.41829, -97.70233)",12397656,4.7,4.5
3536,MN - Taqueria Huentitan #2,78653,2024-03-28,87,"12401 TILLGANG PASS
MANOR, TX 78653
(30.34871, -97.56375)",12394241,3.8,3.3
20153,Elroy & Ross Market,78617,2024-04-11,71,"7200 ELROY RD
AUSTIN, TX 78617
(30.15549, -97.64107)",10969930,3.6,3.1
6173,Subway Sandwiches,78721,2024-05-02,91,"6105 TECHNI CENTER DR
AUSTIN, TX 78721
(30.27583, -97.66913)",2802134,4.1,3
4312,Levy at Q2 Stadium/Suite Pantry North,78758,2024-02-15,100,"10414 MC KALLA PL
AUSTIN, TX 78758
(30.38667, -97.71812)",12394470,4.8,4
445,Voodoo Room,78701,2024-10-24,85,"419 E 6TH ST
AUSTIN, TX 78701
(30.26688, -97.73861)",10996299,4.1,2.6
12597,Hilton Garden Inn - Austin Univ Capitol,78701,2024-11-19,90,"301 W 17TH ST
AUSTIN, TX 78701
(30.27951, -97.74157)",12397341,4.8,2.8
13579,PF - Cheesy Bite Enterprise Inc,78664,2024-04-03,81,"1300 W PFLUGERVILLE PKWY
PFLUGERVILLE, TX 78664
(30.4733, -97.64262)",12398622,4.6,4.1
7307,Nanami Sushi Bar,78748,2024-02-20,83,"9001 BRODIE LN
AUSTIN, TX 78748
(30.19406, -97.84255)",10346733,4.2,3.5
2387,PF - Nearby Coffee Co.,78660,2024-05-28,99,"16921 JOE BARBEE DR
UNIT B PFLUGERVILLE, TX 78660
(30.47015, -97.66527)",12393350,4.9,4.7
4518,Tienda Mexicana,78753,2024-04-02,81,"825 E RUNDBERG LN
UNIT D AUSTIN, TX 78753
(30.35667, -97.68698)",10692976,4.1,5
254,PF - Target Store T-2495 (Cafe/Pizza Hut),78660,2024-03-18,99,"18700 LIMESTONE COMMERCIAL DR
PFLUGERVILLE, TX 78660
(30.46718, -97.59815)",12392900,4.1,3.2
1652,Pho Phong Luu,78754,2024-01-19,86,"11800 DESSAU RD
AUSTIN, TX 78754
(30.37825, -97.65784)",12397716,4.8,4.8
4257,Independence Brewing Co.,78744,2024-03-13,95,"3913 TODD LN
AUSTIN, TX 78744
(30.21207, -97.73624)",2803291,4.7,4.2
23137,Sweetgreen,78704,2024-08-02,99,"1007 S CONGRESS AVE
AUSTIN, TX 78704
(30.25425, -97.74796)",12393165,3.8,3.8
14306,Oakwood BBQ,78753,2024-10-23,91,"307 E BRAKER LN
AUSTIN, TX 78753
(30.37808, -97.67963)",11634648,4.2,3.6
5626,Phil's Ice House,78729,2024-01-04,98,"13265 N US 183 HWY
AUSTIN, TX 78729
(30.44675, -97.78088)",11008920,4.5,4
13938,Los Chilakillers,78753,2024-04-09,87,"13000 N IH
AUSTIN, TX 78753",12394623,4.3,4.6
14884,An Nyeong Korean Tofu House,78756,2024-11-18,88,"5011 BURNET RD
AUSTIN, TX 78756
(30.32132, -97.7387)",12400040,4.7,4.6
22119,WL - HEB #29,78746,2024-02-26,95,"701 S CAPITAL OF TEXAS HWY NB WEST LAKE HILLS
TX 78746
(30.29182, -97.82749)",10111225,4.5,3.8
22864,Crazy Fruits # 2,78741,2024-09-03,80,"6100 E RIVERSIDE DR
AUSTIN, TX 78741
(30.22646, -97.70584)",11390130,3.9,3.3
10673,PF - Iron Fish Sushi & Grill,78660,2024-01-09,84,"900 E PECAN ST
PFLUGERVILLE, TX 78660
(30.43578, -97.61206)",12397417,4.6,4.4
15468,LW - Pao's Mandarin House,78734,2024-10-30,80,"2300 LOHMANS SPUR RD
LAKEWAY, TX 78734
(30.33778, -97.97119)",2801225,4.2,3.6
6996,MN - Chokdee Restaurant,78653,2024-07-03,99,"11300 HWY 290 STE 160 MANOR
TX 78653
(30.34972, -97.5541)",11647869,4.5,4.2
10736,Walnut Creek Pub,78753,2024-02-08,89,"11806 N LAMAR BLVD
AUSTIN, TX 78753
(30.38885, -97.68346)",12393322,4.5,4.4
9609,MN - Starbucks # 26036,78653,2024-08-09,97,"12608 LEXINGTON ST
MANOR, TX 78653
(30.34951, -97.55643)",11474011,4.2,2.6
1011,Buffet Palace,78745,2024-07-16,63,"4608 WEST GATE BLVD
AUSTIN, TX 78745
(30.23008, -97.80134)",11798933,4.1,3.3
19730,Jimmy John's,78758,2024-07-09,94,"10622 BURNET RD
AUSTIN, TX 78758
(30.39059, -97.72249)",12398695,3.8,2.5
14873,Phoenicia Deli & Bakery,78756,2024-09-19,91,"4701 BURNET RD
AUSTIN, TX 78756
(30.31784, -97.73947)",2801285,4.5,3.8
584,Neighborhood Sushi,78704,2024-01-30,91,"1716 S CONGRESS AVE
AUSTIN, TX 78704
(30.24645, -97.75084)",12393054,4.5,4.1
4965,Clark's Oyster Bar,78703,2024-11-06,90,"1200 W 6TH ST
AUSTIN, TX 78703
(30.27276, -97.75726)",10816203,4.5,4.1
4672,Bob's Steak and Chop House,78701,2024-12-05,85,"301 LAVACA ST
AUSTIN, TX 78701
(30.26617, -97.74616)",10801551,4.5,4
19266,Din Ho Chinese BBQ,78758,2024-03-14,94,"8557 RESEARCH BLVD
AUSTIN, TX 78758
(30.36081, -97.71573)",2801257,4.3,3.8
10112,Lazarus Brewing Operations,78702,2024-01-18,86,"1902 E 6TH ST
AUSTIN, TX 78702
(30.26165, -97.72191)",11640394,4.7,4.5
9687,Juice Land Burnet,78757,2024-03-29,96,"7329 BURNET RD
AUSTIN, TX 78757
(30.34941, -97.73501)",10757816,4.6,4.1
13716,Utea Pho,78705,2024-02-29,85,"2222 RIO GRANDE ST
AUSTIN, TX 78705
(30.28633, -97.74481)",12095341,4.4,4.3
15067,SONIC DRIVE-IN #5736,78753,2024-05-30,97,"1605 E PARMER LN
AUSTIN, TX 78753
(30.3879, -97.65092)",12393073,3.2,1.6
8129,Dollar Tree #3279,78756,2024-05-17,99,"5310 BURNET RD
AUSTIN, TX 78756
(30.32706, -97.74026)",10913519,4,3.8
7338,JDS Supermarket #8,78754,2024-05-28,89,"8807 CAMERON RD
AUSTIN, TX 78754
(30.34521, -97.67733)",12393425,4.4,2.2
2272,Whole Foods Market - Seafood Market,78749,2024-09-24,96,"4301 W WILLIAM CANNON DR
AUSTIN, TX 78749
(30.21926, -97.84213)",10764427,4.3,3.7
11895,Torchy's Tacos,78756,2024-06-14,95,"5119 BURNET RD
AUSTIN, TX 78756
(30.32325, -97.73931)",10496904,4.6,3.9
2878,Orange Leaf Self Serve Frozen Yogurt,78748,2024-11-26,91,"9600 S IH
AUSTIN, TX 78748",10828816,4.1,3.3
13018,Subway,78727,2024-02-09,93,"6001 W PARMER LN
AUSTIN, TX 78727
(30.44238, -97.74378)",12398660,3.7,2.6
9226,Capital One Cafe,78701,2024-03-19,94,"106 E 6TH ST
AUSTIN, TX 78701
(30.26794, -97.74236)",11845695,4.3,4.5
9416,Country Home Learning Center,78749,2024-08-15,100,"6900 ESCARPMENT BLVD
AUSTIN, TX 78749
(30.22995, -97.86543)",2800886,4.4,3.6
2694,BC - Via 313 Pizzeria,78738,2024-11-07,92,"3944 S FM 620 RD
AUSTIN, TX 78738
(30.31133, -97.94667)",12398637,4.5,3.7
9158,7-Eleven Convenience Store #36604B,78723,2024-05-30,96,"6518 ED BLUESTEIN BLVD
AUSTIN, TX 78723
(30.30341, -97.66175)",12111280,2.5,1
7074,SV - Cruzteca Mexican Kitchen,78745,2024-12-03,88,"5207 BRODIE LN
SUNSET VALLEY, TX 78745
(30.23002, -97.81698)",11836354,4.5,4.3
10773,BC - Simply Pho House,78738,2024-01-05,86,"12913 GALLERIA CIR
BEE CAVE, TX 78738
(30.30879, -97.9428)",12394373,4.2,3.7
5032,Big Bucket #3,78749,2024-09-18,89,"8906 BRODIE LN
AUSTIN, TX 78749
(30.1952, -97.84298)",12186054,3.9,5
2876,Flamingo Cantina,78701,2024-03-14,91,"515 E 6TH ST
AUSTIN, TX 78701
(30.26662, -97.73768)",2800628,4.5,3.8
386,China House Restaurant,78758,2024-01-16,95,"9505 BURNET RD
AUSTIN, TX 78758
(30.37881, -97.72458)",10147146,3.3,2.6
10316,El Jacalito,78741,2024-01-16,74,"2030 E OLTORF ST
AUSTIN, TX 78741
(30.23041, -97.73181)",11452574,4.2,3.5
6327,Raku Sushi Restaurant,78705,2024-05-20,85,"2222 RIO GRANDE ST
AUSTIN, TX 78705
(30.28633, -97.74481)",11410847,3.7,3.6
3336,Gina's on Congress,78701,2024-04-25,88,"314 CONGRESS AVE
AUSTIN, TX 78701
(30.2658, -97.74366)",12399682,4.5,4.3
19456,Scruffy's Convenient Store,78701,2024-02-27,97,"307 E 6TH ST
AUSTIN, TX 78701
(30.26731, -97.74012)",2801370,4,3.4
553,Dominos 9274,78750,2024-01-05,98,"13764 N US 183 HWY
AUSTIN, TX 78750
(30.46044, -97.79476)",12397316,3.8,2.8
17726,Bishop Cider Austin,78704,2024-06-07,96,"600 E RIVERSIDE DR
AUSTIN, TX 78704
(30.25233, -97.74121)",12392338,4.3,4.4
2052,Bruegger's Bagels,78746,2024-02-26,89,"3267 BEE CAVES RD
AUSTIN, TX 78746
(30.274413, -97.800458)",10720202,4.4,3.9
20652,Shake Shack South Lamar Austin,78704,2024-02-08,96,"1100 S LAMAR BLVD
AUSTIN, TX 78704
(30.25546, -97.76202)",11315175,4.3,3.5
4912,Spice Fine Indian Cuisine,78753,2024-07-30,70,"500 CANYON RIDGE DR
AUSTIN, TX 78753
(30.406841, -97.672884)",11705287,3.7,4
22189,Apple Mart,78741,2024-06-06,71,"2101 WICKERSHAM LN
AUSTIN, TX 78741
(30.2318, -97.72015)",11004160,3.6,2.7
13187,HEB Food Store #202,78756,2024-10-03,97,"5808 BURNET RD
AUSTIN, TX 78756
(30.33419, -97.74069)",2803561,4.4,3.4
20888,OOB - ATX Donut,78728,2024-10-03,93,"2113 W WELLS BRANCH PKWY
AUSTIN, TX 78728
(30.43581, -97.68452)",12395376,4.5,4.4
10560,Space Cowboy,78702,2024-06-12,81,"1917 E 7TH ST
AUSTIN, TX 78702
(30.2622, -97.72154)",12398946,4.4,3.9
12189,Taverna,78758,2024-01-24,81,"3120 PALM WAY
AUSTIN, TX 78758
(30.40288, -97.72253)",11655110,4.2,3.4
22633,Brazos Taco House,78752,2024-08-19,90,"6801 AIRPORT BLVD
AUSTIN, TX 78752
(30.33393, -97.71654)",11689721,4.6,4.3
13671,Cucina on 35th,78703,2024-03-18,94,"1608 W 35TH ST
AUSTIN, TX 78703
(30.30771, -97.75109)",2801762,4.4,3.7
2120,Jack in the Box #848,78753,2024-02-22,95,"8630 N LAMAR BLVD
AUSTIN, TX 78753
(30.35552, -97.70318)",10789914,3.6,1.8
21348,Super Moreliana-Taqueria,78744,2024-08-30,91,"6112 S US 183 HWY
AUSTIN, TX 78744
(30.16776, -97.69239)",10726921,4.2,4.2
9264,La Linda Michoacana,78753,2024-08-19,93,"9429 N IH
UNIT A AUSTIN, TX 78753
(30.35585, -97.68446)",12399800,5,4
2302,JuiceLand HUD,78734,2024-12-05,100,"3303 N FM 620 RD
AUSTIN, TX 78734
(30.394, -97.93412)",12400018,5,4.5
2124,Dominos 6616,78729,2024-07-01,90,"13201 POND SPRINGS RD
AUSTIN, TX 78729
(30.44584, -97.77806)",12397313,3.1,2.3
5107,BC - Subway,78738,2024-02-21,97,"12717 SHOPS PKWY
BEE CAVE, TX 78738
(30.304, -97.94143)",10262005,3.9,2.9
10472,Subway,78727,2024-01-08,94,"3407 W WELLS BRANCH PKWY
AUSTIN, TX 78727
(30.43854, -97.69638)",12397339,4,3.1
6637,Austin Presbyterian Theological Seminary,78705,2024-08-23,97,"100 E 27TH ST
AUSTIN, TX 78705
(30.2917, -97.73775)",10805134,4.8,3
2278,La Mexicana Supermercado-Meat Counter,78724,2024-07-26,83,"14236 FM 969 RD
AUSTIN, TX 78724
(30.24835, -97.58436)",11248209,4,3
22962,LW - Don Mario Mexican Restaurant,78734,2024-12-07,77,"1113 N FM 620 RD
LAKEWAY, TX 78734
(30.37505, -97.94615)",12397459,4.4,4
15110,PF - Costco Wholesale #1322/Food Court,78660,2024-02-28,100,"1901 KELLY LN
PFLUGERVILLE, TX 78660
(30.4692, -97.59105)",12392351,4.5,3.4
18007,Manna Taim LLC,78613,2024-11-07,95,"11200 LAKELINE MALL DR
AUSTIN, TX 78613
(30.47093, -97.80711)",12185820,4.2,3.7
20217,Spice Fine Indian Cuisine,78753,2024-05-21,56,"500 CANYON RIDGE DR
AUSTIN, TX 78753
(30.406841, -97.672884)",11705287,3.7,4
20531,"Capital Grille Restaurant, The #8053",78701,2024-11-06,93,"117 W 4TH ST
AUSTIN, TX 78701
(30.26652, -97.74471)",11459936,4.6,4.2
4058,Kerbey Lane Cafe,78704,2024-03-05,85,"3003 S LAMAR BLVD
AUSTIN, TX 78704
(30.24213, -97.78309)",10700176,4.3,3.6
19742,ABIA - Haymaker Sports Bar,78719,2024-08-22,93,"3600 PRESIDENTIAL BLVD
AUSTIN, TX 78719
(30.20476, -97.66733)",12130626,2.2,2.3
11049,Kellys Irish Pub,78704,2024-10-31,84,"519 W OLTORF ST
AUSTIN, TX 78704
(30.24154, -97.7589)",12397550,4.6,4.4
5906,Hang Fung Ginseng,78753,2024-03-29,98,"10901 N LAMAR BLVD
AUSTIN, TX 78753
(30.37841, -97.6879)",2804117,4.8,4.5
12833,Omni Barton Crk Resort & Spa-Country Club Kitchen,78735,2024-10-04,91,"8212 BARTON CLUB DR
AUSTIN, TX 78735
(30.289977, -97.854022)",11084309,4.5,3.5
6703,Summit,78701,2024-10-29,100,"120 W 5TH ST
AUSTIN, TX 78701
(30.26736, -97.74401)",11021824,3.7,2.8
13104,Juiceland,78729,2024-10-16,95,"6301 W PARMER LN
AUSTIN, TX 78729
(30.44483, -97.74361)",11604453,4.7,4.4
2420,Los Jarachos Dos,78753,2024-05-21,84,"13609 N IH
AUSTIN, TX 78753",12396854,3.7,2.5
16485,Merit Coffee,78701,2024-06-10,93,"222 WEST AVE
AUSTIN, TX 78701
(30.26729, -97.7517)",11832364,4.5,4
22395,Summer Moon Coffee,78738,2024-02-07,95,"15511 W SH
BEE CAVE, TX 78738",12397445,4.3,4
17332,Juiced up smoothies & more,78701,2024-02-12,88,"206 E 4TH ST
AUSTIN, TX 78701
(30.26567, -97.74171)",12395484,4.8,4.8
6053,Nordstrom Ebar,78758,2024-09-05,85,"3111 PALM WAY
AUSTIN, TX 78758
(30.40273, -97.72058)",11583664,4.4,3.7
13505,Quality Inn & Suites,78617,2024-11-13,87,"2751 E SH
AUSTIN, TX 78617",10672255,3.1,2.1
9272,Pete's Peanut Bar & Piano Empo,78701,2024-02-01,95,"421 E 6TH ST
AUSTIN, TX 78701
(30.26686, -97.73851)",2801006,4.7,4.2
17598,Lone Star Family Market #2,78752,2024-06-21,97,"7110 CAMERON RD
AUSTIN, TX 78752
(30.32598, -97.693)",12392401,4.4,1
2145,One Taco,78701,2024-01-29,88,"402 BRAZOS ST
AUSTIN, TX 78701
(30.26613, -97.74206)",12392497,4.5,4.4
10688,Lazarus Brewing Company,78751,2024-03-07,74,"4803 AIRPORT BLVD
AUSTIN, TX 78751
(30.30801, -97.71551)",12397623,4.8,4.5
11859,PF - Bush's Chicken,78660,2024-08-28,93,"21315 N SH
SVRD NB PFLUGERVILLE, TX 78660",12392711,4.2,3.8
10827,Church's Chicken Store No. 386,78745,2024-11-04,92,"1945 W WILLIAM CANNON DR
AUSTIN, TX 78745
(30.2024, -97.8062)",11843471,3.4,1.8
21654,Mi Pueblito Market,78741,2024-03-27,74,"2030 E OLTORF ST
AUSTIN, TX 78741
(30.23041, -97.73181)",10214537,4,1
21726,Ebisu Japanese Restaurant,78750,2024-07-10,77,"13376 N US 183 HWY
AUSTIN, TX 78750
(30.44571, -97.78809)",12395723,4.4,4.2
7835,JD's Super Mart #7,78724,2024-05-30,88,"6506 DECKER LN
AUSTIN, TX 78724
(30.29087, -97.62854)",11472204,3.9,2.8
1771,Querencia at Barton Creek,78735,2024-01-10,90,"2500 BARTON CREEK BLVD
AUSTIN, TX 78735
(30.28946, -97.86642)",10026760,4.3,3.5
13313,Our Lady's Maronite Catholic Church,78723,2024-01-31,96,"1320 E 51ST ST
AUSTIN, TX 78723
(30.30713, -97.70448)",11459777,4.7,4.9
23119,LW - Brookdale Lohmans Crossing,78734,2024-12-02,88,"1604 LOHMANS CROSSING RD
LAKEWAY, TX 78734
(30.35454, -97.97894)",11207538,4.7,5
19922,Circle K #2742420,78745,2024-10-15,97,"1405 W WILLIAM CANNON DR
AUSTIN, TX 78745
(30.20009, -97.7992)",2803580,2.1,2
4353,PF - QuikTrip 4147,78660,2024-01-02,98,"3101 E PECAN ST
PFLUGERVILLE, TX 78660
(30.42457, -97.59021)",12395201,3.3,3.8
363,Wendy's Old Fashioned Hamburgers #116,78741,2024-11-27,100,"2224 E RIVERSIDE DR
AUSTIN, TX 78741
(30.23843, -97.72535)",11119204,3.7,2.1
14254,P. Terry's Burger Stand,78701,2024-02-28,86,"515 CONGRESS AVE
AUSTIN, TX 78701
(30.26725, -97.74312)",11307329,4.2,3.5
8511,Nate's Baked Goods & Coffee,78703,2024-06-03,91,"401 ORCHARD ST
AUSTIN, TX 78703
(30.27151, -97.75949)",12394254,4.7,4.6
2574,Levy at Q2 Stadium/Main Kitchen,78758,2024-02-15,100,"10414 MC KALLA PL
AUSTIN, TX 78758
(30.38667, -97.71812)",12393770,4.8,4
13346,Austin Shell,78702,2024-03-21,87,"701 N IH
AUSTIN, TX 78702",2803879,2.4,1
22604,"Phil's Ice House, Inc",78704,2024-03-27,83,"2901 S LAMAR BLVD
AUSTIN, TX 78704
(30.24315, -97.7825)",10516513,4.5,3.8
19808,Lucky Lab Coffee Company,78705,2024-10-08,95,"2421 SAN ANTONIO ST
AUSTIN, TX 78705
(30.28874, -97.74203)",11771700,4.4,4.2
302,Hilton Garden Inn Austin Airport,78741,2024-08-02,91,"7610 JOHN GLENN WAY
AUSTIN, TX 78741
(30.22167, -97.68882)",11712723,4.3,3.7
8273,Lee's Almost By The Lake,78669,2024-10-30,89,"801 S PACE BEND RD
BRIARCLIFF, TX 78669
(30.40702, -98.05947)",10471536,4.6,4.1
17229,Muangthai Thai Cuisine,78717,2024-02-07,72,"13945 N US 183 HWY
AUSTIN, TX 78717
(30.47085, -97.79676)",10246937,4.2,3.7
6005,PF - Casa Garcias Restaurant & Cantina,78660,2024-07-10,93,"15803 WINDERMERE DR
PFLUGERVILLE, TX 78660
(30.44681, -97.64772)",12399578,4.1,3.4
18961,PF- Five Guys Burgers & Fries #4026,78660,2024-07-08,99,"2424 FM 685 RD
PFLUGERVILLE, TX 78660
(30.46325, -97.59741)",12397031,3.9,2.5
18673,Oumi Sushi @ Sprouts #162,78723,2024-10-21,98,"1201 BARBARA JORDAN BLVD
AUSTIN, TX 78723
(30.30659, -97.71029)",12399272,4.7,4.4
19105,PF - Baris Pasta Pizza,78660,2024-10-03,87,"1501 W PECAN ST
PFLUGERVILLE, TX 78660
(30.44691, -97.63713)",12392359,4.2,3.6
440,Man Pasand Supermarket,78717,2024-07-11,96,"13945 N US 183 HWY
AUSTIN, TX 78717
(30.47085, -97.79676)",11738497,4,2.3
7623,Refuel 338,78754,2024-03-05,83,"9001 CAMERON RD
AUSTIN, TX 78754
(30.34672, -97.67666)",12397012,3.2,4.3
18816,Starbucks Coffee #13418,78723,2024-11-20,96,"1201 BARBARA JORDAN BLVD
AUSTIN, TX 78723
(30.30659, -97.71029)",10065891,4.1,3
20447,Mom's Grocery,78753,2024-01-12,93,"1425 E RUNDBERG LN
AUSTIN, TX 78753
(30.3506, -97.67632)",10002574,3.7,4
1431,Sour Duck Market,78722,2024-10-30,80,"1814 E MARTIN LUTHER KING JR BLVD
AUSTIN, TX 78722
(30.27973, -97.72151)",11863073,4.5,4.1
11070,ABIA Amy's Ice Cream,78719,2024-05-15,92,"3600 PRESIDENTIAL BLVD
AUSTIN, TX 78719
(30.20476, -97.66733)",12186438,4.3,4.3
1028,Pit #7,78756,2024-02-27,84,"4707 BURNET RD
AUSTIN, TX 78756
(30.31858, -97.73926)",2800317,4.1,3.2
2282,Sabor Veracruz,78753,2024-09-05,92,"12601 TECH RIDGE BLVD
AUSTIN, TX 78753
(30.40051, -97.65794)",12396091,3.5,3.9
11624,Subs-N-More / AM Petroleum,78721,2024-02-07,86,"3926 ED BLUESTEIN BLVD
AUSTIN, TX 78721
(30.27531, -97.66897)",2802112,3.7,4.2
11453,Kismet Cafe,78751,2024-01-09,92,"1000 E 41ST ST
AUSTIN, TX 78751
(30.30008, -97.71994)",11704512,4.3,4.3
5262,Double Dave's Pizza,78729,2024-02-12,92,"13343 N US 183 HWY
AUSTIN, TX 78729
(30.44576, -97.78595)",2802971,3.9,2.8
10484,Mi Lindo Michoacan Restaurant,78753,2024-03-07,85,"11800 N LAMAR BLVD
AUSTIN, TX 78753
(30.38828, -97.68409)",12395066,4.3,4.2
5832,Rosal Bakery,78744,2024-06-28,91,"8101 SALT SPRINGS DR
AUSTIN, TX 78744
(30.15891, -97.74544)",11060721,4.1,4.5
3695,Fire Bowl Cafe,78759,2024-07-17,89,"9828 GREAT HILLS TRL
AUSTIN, TX 78759
(30.39537, -97.7493)",12398603,4.2,3.4
14829,Dunkin Donuts,78759,2024-08-30,88,"12200 RESEARCH BLVD
AUSTIN, TX 78759
(30.4257, -97.75367)",10861871,3.7,2.7
19092,Tulum Mexican Restaurant and Tequila Bar,78734,2024-01-04,72,"3519 N FM 620 RD
AUSTIN, TX 78734
(30.39664, -97.93147)",12396084,4,3.6
4020,La Finca Super Mercado,78753,2024-09-19,95,"9616 N LAMAR BLVD
AUSTIN, TX 78753
(30.36731, -97.69624)",11742299,4.3,4.4
74,Las Mangonadas,78753,2024-05-15,94,"9616 N LAMAR BLVD
AUSTIN, TX 78753
(30.36731, -97.69624)",11859946,4.3,3.9
6321,PF - Russo's New York Pizzeria,78660,2024-10-17,72,"18816 LIMESTONE COMMERCIAL SHL
PFLUGERVILLE, TX 78660
(30.46913, -97.59581)",12392938,3.9,2.8
21780,Slick Willie's Family Pool Hall,78757,2024-03-26,89,"8440 BURNET RD
AUSTIN, TX 78757
(30.36641, -97.72896)",2800866,4.2,3
6779,Chicknic,78738,2024-08-09,94,"15511 W SH
BEE CAVE, TX 78738",12398629,4.7,4.6
17029,OOB - TEASPOON,78759,2024-03-11,100,"10515 N MOPAC EXPY
AUSTIN, TX 78759
(30.38982, -97.73297)",12397145,4.4,4.4
11491,Taco Bell #030139,78727,2024-12-04,94,"3501 W WELLS BRANCH PKWY
AUSTIN, TX 78727
(30.43955, -97.69726)",11066744,3.2,1.7
4949,Vitamin Cottage Natural Food Markets,78759,2024-01-03,97,"10515 N MOPAC EXPY
AUSTIN, TX 78759
(30.38982, -97.73297)",10492569,4.5,4.2
9577,Casa Arandinas,78660,2024-09-23,81,"1700 GRAND AVENUE PKWY
AUSTIN, TX 78660
(30.45628, -97.66059)",11951793,4,2.9
15512,Einstein Bros Bagels,78759,2024-08-02,97,"4607 W BRAKER LN
AUSTIN, TX 78759
(30.3998, -97.74523)",2801216,3.9,2.6
6645,Chick - Fil - A at North Mopac,78758,2024-07-02,97,"12501 N MOPAC EXPY
AUSTIN, TX 78758
(30.41913, -97.70326)",12392880,4.4,2.7
19728,Thom's Market,78704,2024-02-20,94,"160 E RIVERSIDE DR
AUSTIN, TX 78704
(30.25561, -97.74501)",11439923,4.7,3.6
10607,Andy's Frozen Custard,78727,2024-02-09,97,"1710 W PARMER LN
AUSTIN, TX 78727
(30.41311, -97.69017)",12186012,4.5,3.8
22683,PF - Yaghis Pizzeria,78660,2024-04-16,97,"1552 FM 685 RD
PFLUGERVILLE, TX 78660
(30.45284, -97.60437)",12392644,4.2,3.3
9438,Baskin Robbins,78748,2024-08-05,93,"9911 BRODIE LN
AUSTIN, TX 78748
(30.18411, -97.84813)",10457940,3.7,2.8
8270,Avenue B Grocery,78751,2024-09-04,100,"4403 AVENUE
AUSTIN, TX 78751
(30.30919, -97.73163)",2800110,4.4,3.9
581,Bahama Bucks,78745,2024-05-28,82,"105 E STASSNEY LN
AUSTIN, TX 78745
(30.20438, -97.77412)",11900816,4.3,3.2
7796,PF - Shogun Japanese Grill & Sushi Bar,78660,2024-06-14,82,"18816 LIMESTONE COMMERCIAL DR
PFLUGERVILLE, TX 78660
(30.46913, -97.59581)",12186587,4,2.9
10121,ZZa Pizza + Salad,78738,2024-07-15,96,"15511 W SH
BEE CAVE, TX 78738",12186387,4.8,4.6
20385,Sunrise Mini Mart,78757,2024-09-19,100,"1809 W ANDERSON LN
AUSTIN, TX 78757
(30.35325, -97.72562)",2803500,4.8,4.9
18172,Hai Ky,78741,2024-08-27,78,"1931 E OLTORF ST
AUSTIN, TX 78741
(30.23082, -97.73453)",2801611,4.3,3.6
18225,River City Market,78704,2024-08-01,83,"2209 S CONGRESS AVE
AUSTIN, TX 78704
(30.24078, -97.75238)",12394007,4.6,4
3163,Texas Chili Parlor,78701,2024-04-01,84,"1409 LAVACA ST
AUSTIN, TX 78701
(30.27701, -97.74216)",2801839,4.4,3.8
16653,7-Eleven Convenience Store,78705,2024-01-11,100,"2600 GUADALUPE ST
AUSTIN, TX 78705
(30.29079, -97.74153)",10041113,2.1,2.8
22335,McDonald's #424,78723,2024-05-18,96,"5355 N IH
AUSTIN, TX 78723",12396015,3.7,2.2
20026,Michelobos Restaurant & Sports Bar,78753,2024-10-29,90,"900 E BRAKER LN
AUSTIN, TX 78753
(30.37671, -97.67346)",12396471,3.9,3.2
12731,Jack in the Box #906,78729,2024-06-24,98,"7404 MC NEIL DR
AUSTIN, TX 78729
(30.43535, -97.76824)",10789961,3.4,2.3
15300,Wholly Cow Burgers,78704,2024-08-14,93,"3010 S LAMAR BLVD
AUSTIN, TX 78704
(30.24291, -97.7837)",10514977,4.4,4
19325,Afriqmart,78660,2024-01-18,99,"2700 W PECAN ST
AUSTIN, TX 78660
(30.4504, -97.65696)",10126001,4.9,3.6
6163,Bartlett's,78757,2024-10-08,92,"2408 W ANDERSON LN
AUSTIN, TX 78757
(30.35659, -97.73131)",11161816,4.5,4.1
6679,Mariscos Tampico,78753,2024-08-15,88,"10601 N LAMAR BLVD
AUSTIN, TX 78753
(30.37383, -97.68888)",2801879,3.5,2.3
9963,Summermoon Coffee Bar,78737,2024-03-12,93,"11601 W US 290 HWY
AUSTIN, TX 78737
(30.21376, -97.96503)",11555150,4.6,4.2
18802,Shake Shack The Domain Austin LLC,78758,2024-10-03,97,"11228 DOMAIN DR
AUSTIN, TX 78758
(30.39897, -97.72561)",11388003,4.2,3.5
22625,"Mediterranean Chef, The",78757,2024-09-05,100,"5908 AURORA DR
AUSTIN, TX 78757
(30.32984, -97.72809)",10592894,4.7,4.4
9093,Counter Cafe,78705,2024-08-15,81,"603 W 29TH ST
AUSTIN, TX 78705
(30.29549, -97.74336)",12186514,4.3,3.6
17498,PF - Cranky Granny's Sweet Rolls,78660,2024-06-26,97,"16051 DESSAU RD
PFLUGERVILLE, TX 78660
(30.43432, -97.6155)",12398149,4.6,4.5
6099,Highland Lanes Tavern,78757,2024-07-03,91,"8909 BURNET RD
AUSTIN, TX 78757
(30.37192, -97.726)",2800489,4.4,3.4
13611,Casino El Camino,78701,2024-04-02,79,"517 E 6TH ST
AUSTIN, TX 78701
(30.2666, -97.7376)",2800956,4.5,3.8
20730,New World Deli,78751,2024-01-18,90,"4101 GUADALUPE ST
AUSTIN, TX 78751
(30.3066, -97.73533)",2801233,4.7,4.3
8130,"Chi'Lantro - South Shore, LLC",78741,2024-09-11,90,"1414 SHORE DISTRICT DR
AUSTIN, TX 78741
(30.24353, -97.72832)",11647453,4.4,3.8
20637,Dominos 6847,78660,2024-01-30,95,"1420 W WELLS BRANCH PKWY
AUSTIN, TX 78660
(30.44113, -97.66333)",12397314,2.9,2
4492,"Melting Pot, The",78729,2024-01-04,89,"13343 N US 183 HWY
AUSTIN, TX 78729
(30.44576, -97.78595)",2802600,4.5,3.9
705,McDonald's # 12430,78731,2024-07-09,98,"5762 N MOPAC EXPY
AUSTIN, TX 78731
(30.33868, -97.75568)",12045842,2.9,1.5
4347,Gang Nam Korean BBQ,78745,2024-06-11,71,"701 E STASSNEY LN
BLDG C AUSTIN, TX 78745
(30.2, -97.77)",12398119,4.9,4.5
19901,BC - Panera Bread #6315,78738,2024-10-14,95,"12901 HILL COUNTRY BLVD
BEE CAVE, TX 78738
(30.30959, -97.94196)",12397780,3.5,2.3
16533,Taquero Mucho LLC,78701,2024-08-26,74,"508 WEST AVE
AUSTIN, TX 78701
(30.26999, -97.75117)",12186498,4,3.5
22031,Gong Cha,78749,2024-03-22,92,"4220 W WILLIAM CANNON DR
AUSTIN, TX 78749
(30.22229, -97.83787)",12398802,4.8,3.9
22583,Wu Chow North,78756,2024-08-14,79,"3800 N LAMAR BLVD
AUSTIN, TX 78756
(30.30585, -97.74269)",11860569,4.3,4.1
20529,PF - Timewise Food Store #184,78660,2024-02-28,93,"1909 KELLY LN
PFLUGERVILLE, TX 78660
(30.46955, -97.5895)",12392451,2.8,2
22536,SV - Mighty Fine Burgers Fries Shakes,78745,2024-02-22,91,"5601 BRODIE LN
SUNSET VALLEY, TX 78745
(30.2288, -97.82013)",12394218,4.4,3.8
15018,Kellys Irish Pub,78704,2024-01-11,87,"519 W OLTORF ST
AUSTIN, TX 78704
(30.24154, -97.7589)",12397550,4.6,4.4
5482,Golden Eye Chocolates,78744,2024-11-26,100,"3400 COMSOUTH DR
AUSTIN, TX 78744
(30.212, -97.71976)",12396142,4.8,4.4
9841,Phil's Ice House,78756,2024-07-22,86,"5620 BURNET RD
AUSTIN, TX 78756
(30.3321, -97.74034)",2802967,4.5,4.1
5504,PF - Pizza Hut,78660,2024-09-26,97,"100 12TH ST
PFLUGERVILLE, TX 78660
(30.44364, -97.63037)",12392405,3.9,2.7
20948,Deep Eddy Cabaret,78703,2024-11-20,88,"2315 LAKE AUSTIN BLVD
AUSTIN, TX 78703
(30.27789, -97.77271)",11386831,4.5,4.2
18165,DeSano Pizzeria Napoletana,78701,2024-09-03,97,"301 LAVACA ST
AUSTIN, TX 78701
(30.26617, -97.74616)",12186516,4.7,4.7
11722,WL - Chick-Fil-A,78746,2024-04-17,99,"701 S CAPITAL OF TEXAS HWY NB UNIT L WEST LAKE HILLS
TX 78746
(30.29182, -97.82749)",11690733,4.4,3.7
6554,SV - Crumbl Cookies,78745,2024-03-12,96,"5207 BRODIE LN
SUNSET VALLEY, TX 78745
(30.23002, -97.81698)",12392744,4.8,4.3
13106,Domino's Pizza # 9259,78702,2024-12-02,96,"2501 E 7TH ST
AUSTIN, TX 78702
(30.26059, -97.71373)",11397547,3.3,2.2
4214,Taco Cabana,78751,2024-01-08,91,"5242 N LAMAR BLVD
AUSTIN, TX 78751
(30.32096, -97.72993)",11037878,3.7,1.8
232,Don's Short Stop,78660,2024-05-01,87,"13900 IMMANUEL RD
PFLUGERVILLE, TX 78660
(30.40577, -97.6283)",2803434,4.6,4
14717,Pressed,78756,2024-10-17,92,"4800 BURNET RD
AUSTIN, TX 78756
(30.31849, -97.7399)",12394654,4.2,4.1
14677,Thundercloud Subs,78703,2024-11-13,88,"2308 LAKE AUSTIN BLVD
AUSTIN, TX 78703
(30.27788, -97.77224)",2800255,4.3,3.6
12095,Phoebe's Diner,78701,2024-07-01,92,"408 W 11TH ST
AUSTIN, TX 78701
(30.27381, -97.74501)",12393971,4.7,4.6
1514,PF - Typhoon Texas Waterpark - The Patio,78660,2024-05-15,94,"18500 N SH
PFLUGERVILLE, TX 78660
(30.459688, -97.595109)",12393016,3.9,3.1
3597,Dominos 6847,78660,2024-06-18,97,"1420 W WELLS BRANCH PKWY
AUSTIN, TX 78660
(30.44113, -97.66333)",12397314,2.9,2
11936,Progress Cafe,78722,2024-04-15,95,"3421 N IH
AUSTIN, TX 78722",12398151,4.6,4.6
16583,BC-Saltgrass Steakhouse,78738,2024-06-20,82,"12613 GALLERIA CIR
BEE CAVE, TX 78738
(30.30672, -97.93789)",12072190,4.2,3.5
16889,Ike's Love & Sandwiches,78745,2024-12-07,100,"5207 BRODIE LN
SUNSET VALLEY, TX 78745
(30.23002, -97.81698)",12183152,4.4,4.4
11879,DeSano Pizzeria Napoletana,78701,2024-01-02,89,"301 LAVACA ST
AUSTIN, TX 78701
(30.26617, -97.74616)",12186516,4.7,4.7
17645,Tres Amigos,78723,2024-03-05,82,"7535 E US 290 HWY
AUSTIN, TX 78723
(30.324, -97.67432)",11577358,4,3.5
10373,"Liberty, The",78702,2024-09-20,91,"1618 1 2 E 6TH ST
AUSTIN, TX 78702
(30.26269, -97.72506)",10274853,4.4,4
16638,Torchy's Tacos,78756,2024-01-24,93,"5119 BURNET RD
AUSTIN, TX 78756
(30.32325, -97.73931)",10496904,4.6,3.9
8346,ABIA Taco Deli,78719,2024-02-28,89,"3600 PRESIDENTIAL BLVD
AUSTIN, TX 78719
(30.20476, -97.66733)",12026226,2.9,3.2
8740,Burnet Go To,78757,2024-09-24,100,"6800 BURNET RD
AUSTIN, TX 78757
(30.34393, -97.73875)",12396411,4.9,4.6
10952,Jets Pizza,78723,2024-02-29,90,"1201 BARBARA JORDAN BLVD
AUSTIN, TX 78723
(30.30659, -97.71029)",12399125,4.4,4.2
14282,Capital Kitchens,78745,2024-11-13,100,"1606 W STASSNEY LN
AUSTIN, TX 78745
(30.2137, -97.79283)",12186506,4.6,5
16087,Higher Ground,78701,2024-07-31,73,"720 CONGRESS AVE
AUSTIN, TX 78701
(30.2697, -97.7422)",12394443,4.4,3.9
21510,Original Pancake House,78727,2024-10-15,95,"1700 W PARMER LN
AUSTIN, TX 78727
(30.41327, -97.68966)",12186158,4.4,3.8
3694,TXB62,78669,2024-02-27,92,"21024 W SH
SPICEWOOD, TX 78669",11405844,2.8,3.8
9510,Austin's Moontower Saloon,78748,2024-02-14,96,"10212 MANCHACA RD
AUSTIN, TX 78748
(30.16892, -97.82575)",10720314,4.5,3.5
1681,Thirsty Nickel,78701,2024-07-03,83,"325 E 6TH ST
AUSTIN, TX 78701
(30.26714, -97.7395)",10502087,3.9,3.2
18976,ABIA - Annie's Cafe & Bar,78719,2024-02-28,86,"3600 PRESIDENTIAL BLVD
AUSTIN, TX 78719
(30.20476, -97.66733)",2802023,2.9,2.7
10680,Sunrise Mini Mart,78704,2024-08-02,91,"539 W OLTORF ST
AUSTIN, TX 78704
(30.24178, -97.75967)",10000688,2.8,2.1
20708,Glow Up Nutrition,78741,2024-08-02,97,"2030 E OLTORF ST
AUSTIN, TX 78741
(30.23041, -97.73181)",12393089,5,3.5
15736,Nightcap,78703,2024-04-25,83,"1401 W 6TH ST
AUSTIN, TX 78703
(30.27395, -97.76035)",11444601,4.4,4
16382,BC - Schlotzsky's,78738,2024-12-04,99,"3944 S FM 620 RD
AUSTIN, TX 78738
(30.31133, -97.94667)",12400679,4.3,2.9
4071,Crave Catering,78728,2024-01-16,96,"14611 BURNET RD
AUSTIN, TX 78728
(30.45048, -97.69508)",2801535,4.6,5
14570,Lo Lo Wine,78702,2024-02-15,89,"1504 E 6TH ST
AUSTIN, TX 78702
(30.26351, -97.7269)",12186489,4.7,4.1
15206,Common Interest,78757,2024-03-26,84,"8440 BURNET RD
AUSTIN, TX 78757
(30.36641, -97.72896)",12398187,4.4,3.7
4076,Rutland Market,78758,2024-01-09,83,"900 RUTLAND DR
AUSTIN, TX 78758
(30.36616, -97.69816)",10028448,4.2,5
20850,PF - Nothing Bundt Cakes,78660,2024-01-03,97,"18616 LIMESTONE COMMERCIAL DR
PFLUGERVILLE, TX 78660
(30.46585, -97.5974)",12395478,4.9,4.3
15317,PF - Freddy's Frozen Custard & Steakburgers,78660,2024-09-16,84,"2602 W PECAN ST
PFLUGERVILLE, TX 78660
(30.44881, -97.65471)",12396822,4,3
14972,"Mom's Convenience Store, Inc.",78737,2024-05-07,77,"10900 W US 290 HWY
AUSTIN, TX 78737
(30.22191, -97.95649)",10234230,3.7,1.7
22183,Cafe Corazon,78702,2024-02-09,95,"1701 E MARTIN LUTHER KING JR BLVD
AUSTIN, TX 78702
(30.27944, -97.723)",12396643,4.6,4.3
7414,Salsa Limon Lupita,78705,2024-06-14,90,"3001 GUADALUPE ST
AUSTIN, TX 78705
(30.29649, -97.74169)",12396275,4.2,3.9
13023,Quad Food Mart,78704,2024-08-28,90,"628 E OLTORF ST
AUSTIN, TX 78704
(30.23697, -97.74902)",10752202,2,4
408,PF - In - N - Out #316,78660,2024-05-09,100,"1600 TOWN CENTER DR
PFLUGERVILLE, TX 78660
(30.46453, -97.59734)",12392425,4.5,4
2767,Paul Martin's American Grill,78758,2024-05-01,73,"3120 PALM WAY
AUSTIN, TX 78758
(30.40288, -97.72253)",11606623,4.3,3.9
14320,Sohip Blenders and Bowls,78756,2024-08-23,97,"4200 N LAMAR BLVD
AUSTIN, TX 78756
(30.31046, -97.74031)",12392500,4.5,4.2
6116,Boba T Bite LLC,78759,2024-01-25,86,"8650 SPICEWOOD SPRINGS RD
AUSTIN, TX 78759
(30.43341, -97.77177)",12397681,4.7,4.3
1821,Spicy Szechuan,78731,2024-07-03,90,"3706 JEFFERSON ST
AUSTIN, TX 78731
(30.30933, -97.75125)",11804563,4,3.1
21218,P6,78701,2024-11-05,90,"111 E CESAR CHAVEZ ST
AUSTIN, TX 78701
(30.26296, -97.74394)",12186486,4.1,3.6